{"cameraMode":{"drawMode":0,"name":"Shaded","section":"Shading Mode"},"sceneLighting":false,"audioPlay":false,"sceneViewState":{"showFog":true,"showMaterialUpdate":false,"showSkybox":false,"showFlares":true,"showImageEffects":true,"showParticleSystems":true},"in2DMode":false,"pivot":{"x":12.680000305175782,"y":1.0474430322647095,"z":1.2399998903274537},"rotation":{"x":-0.19994021952152253,"y":-0.005587865132838488,"z":0.0011403379030525685,"w":-0.9797921776771545},"size":5.878958225250244,"orthographic":false}