{"cameraMode":{"drawMode":0,"name":"Shaded","section":"Shading Mode"},"sceneLighting":false,"audioPlay":false,"sceneViewState":{"showFog":true,"showMaterialUpdate":false,"showSkybox":false,"showFlares":true,"showImageEffects":true,"showParticleSystems":true},"in2DMode":false,"pivot":{"x":131.00001525878907,"y":-17.123655319213868,"z":0.0},"rotation":{"x":-0.22955064475536347,"y":-0.2945990264415741,"z":0.07312650233507157,"w":-0.9247587323188782},"size":2.3566715717315676,"orthographic":false}