{"cameraMode":{"drawMode":0,"name":"Shaded","section":"Shading Mode"},"sceneLighting":false,"audioPlay":false,"sceneViewState":{"showFog":true,"showMaterialUpdate":false,"showSkybox":false,"showFlares":true,"showImageEffects":true,"showParticleSystems":true},"in2DMode":false,"pivot":{"x":0.4044830799102783,"y":0.7811135053634644,"z":-0.11330866813659668},"rotation":{"x":-0.03746585547924042,"y":0.43756604194641116,"z":0.018261047080159189,"w":0.8982270956039429},"size":3.3754403591156008,"orthographic":false}